canny_threshold1,canny_threshold2,min_line_length,max_line_gap,hough_threshold,false_positives,true_positives,precision,recall,f1_score
408,133,401,30,251,63,87,0.58,0.8787878787878788,0.6987951807228915
95,257,200,8,343,71,97,0.5773809523809523,0.9797979797979798,0.7265917602996254
75,375,472,1,496,0,14,1.0,0.1414141414141414,0.24778761061946902
328,325,53,2,286,34,73,0.6822429906542056,0.7373737373737373,0.7087378640776699
230,71,488,12,91,40,92,0.696969696969697,0.9292929292929293,0.7965367965367967
328,222,492,24,437,17,72,0.8089887640449438,0.7272727272727273,0.7659574468085106
356,253,56,47,303,58,78,0.5735294117647058,0.7878787878787878,0.6638297872340425
223,57,154,13,357,113,98,0.46445497630331756,0.98989898989899,0.632258064516129
324,425,128,20,132,103,85,0.4521276595744681,0.8585858585858586,0.5923344947735192
390,241,144,29,64,114,96,0.45714285714285713,0.9696969696969697,0.6213592233009709
254,51,490,14,78,52,94,0.6438356164383562,0.9494949494949495,0.7673469387755102
50,50,500,50,500,113,99,0.4669811320754717,1.0,0.6366559485530546
50,183,50,10,145,114,99,0.4647887323943662,1.0,0.6346153846153846
471,100,500,22,50,22,76,0.7755102040816326,0.7676767676767676,0.7715736040609136
50,75,500,1,50,0,19,1.0,0.1919191919191919,0.3220338983050848
252,500,379,13,89,4,58,0.9354838709677419,0.5858585858585859,0.7204968944099379
346,50,447,11,94,16,85,0.8415841584158416,0.8585858585858586,0.85
355,153,457,6,201,1,59,0.9833333333333333,0.5959595959595959,0.742138364779874
410,50,455,10,87,8,67,0.8933333333333333,0.6767676767676768,0.7701149425287357
315,50,452,11,95,21,89,0.8090909090909091,0.898989898989899,0.8516746411483254
331,50,500,11,118,16,83,0.8383838383838383,0.8383838383838383,0.8383838383838383
336,50,426,12,500,30,77,0.719626168224299,0.7777777777777778,0.7475728155339805
93,275,500,16,50,45,95,0.6785714285714286,0.9595959595959596,0.7949790794979079
268,126,500,18,500,40,84,0.6774193548387096,0.8484848484848485,0.7533632286995515
424,101,50,5,50,114,98,0.46226415094339623,0.98989898989899,0.6302250803858521
326,146,455,11,50,6,84,0.9333333333333333,0.8484848484848485,0.888888888888889
50,463,500,22,50,31,74,0.7047619047619048,0.7474747474747475,0.7254901960784313
500,182,500,50,50,61,70,0.5343511450381679,0.7070707070707071,0.6086956521739131
112,248,500,33,500,73,88,0.546583850931677,0.8888888888888888,0.6769230769230768
50,404,50,39,500,55,73,0.5703125,0.7373737373737373,0.6431718061674008
58,316,50,1,500,59,80,0.5755395683453237,0.8080808080808081,0.6722689075630253
426,274,500,16,50,2,54,0.9642857142857143,0.5454545454545454,0.6967741935483871
306,426,462,10,50,2,47,0.9591836734693877,0.47474747474747475,0.6351351351351352
50,389,331,16,500,45,75,0.625,0.7575757575757576,0.6849315068493151
302,176,361,11,50,15,91,0.8584905660377359,0.9191919191919192,0.8878048780487805
312,147,409,11,50,10,87,0.8969072164948454,0.8787878787878788,0.8877551020408163
50,50,500,23,50,114,99,0.4647887323943662,1.0,0.6346153846153846
500,500,500,29,500,1,6,0.8571428571428571,0.06060606060606061,0.11320754716981131
273,197,417,12,50,9,87,0.90625,0.8787878787878788,0.8923076923076922
227,266,370,14,50,17,89,0.839622641509434,0.898989898989899,0.8682926829268292
178,409,50,9,50,114,98,0.46226415094339623,0.98989898989899,0.6302250803858521
230,282,500,18,50,13,74,0.8505747126436781,0.7474747474747475,0.7956989247311828
50,50,50,50,50,114,99,0.4647887323943662,1.0,0.6346153846153846
255,194,378,11,50,12,89,0.8811881188118812,0.898989898989899,0.89
50,500,500,50,50,88,73,0.453416149068323,0.7373737373737373,0.5615384615384615
327,50,500,26,50,89,97,0.521505376344086,0.9797979797979798,0.6807017543859649
266,218,365,12,221,12,87,0.8787878787878788,0.8787878787878788,0.8787878787878788
500,50,50,50,500,26,55,0.6790123456790124,0.5555555555555556,0.611111111111111
273,189,369,13,50,20,95,0.8260869565217391,0.9595959595959596,0.8878504672897197
500,500,50,50,50,107,64,0.3742690058479532,0.6464646464646465,0.47407407407407404
216,50,50,37,500,109,97,0.470873786407767,0.9797979797979798,0.6360655737704919
273,232,342,12,50,15,86,0.8514851485148515,0.8686868686868687,0.86
281,154,414,12,50,13,90,0.8737864077669902,0.9090909090909091,0.891089108910891
215,204,393,13,93,13,92,0.8761904761904762,0.9292929292929293,0.9019607843137255
189,224,381,14,289,34,91,0.728,0.9191919191919192,0.8125
302,155,414,12,157,11,87,0.8877551020408163,0.8787878787878788,0.8832487309644671
480,50,500,22,500,20,58,0.7435897435897436,0.5858585858585859,0.655367231638418
211,211,425,12,50,6,86,0.9347826086956522,0.8686868686868687,0.9005235602094241
500,500,50,1,500,1,3,0.75,0.030303030303030304,0.05825242718446602
304,50,500,50,500,87,89,0.5056818181818182,0.898989898989899,0.6472727272727273
194,201,373,12,50,19,94,0.831858407079646,0.9494949494949495,0.8867924528301887
241,207,50,1,500,29,68,0.7010309278350515,0.6868686868686869,0.6938775510204082
95,500,50,17,500,18,53,0.7464788732394366,0.5353535353535354,0.6235294117647059
352,134,404,15,50,26,89,0.7739130434782608,0.898989898989899,0.8317757009345795
329,50,50,50,50,114,99,0.4647887323943662,1.0,0.6346153846153846
176,500,50,50,500,4,44,0.9166666666666666,0.4444444444444444,0.5986394557823129
500,50,50,36,50,114,97,0.4597156398104265,0.9797979797979798,0.6258064516129033
234,205,430,12,114,8,87,0.9157894736842105,0.8787878787878788,0.8969072164948454
50,256,50,32,50,114,99,0.4647887323943662,1.0,0.6346153846153846
220,172,500,42,50,112,99,0.46919431279620855,1.0,0.6387096774193548
263,174,50,1,50,112,99,0.46919431279620855,1.0,0.6387096774193548
265,292,50,10,500,20,62,0.7560975609756098,0.6262626262626263,0.6850828729281768
181,500,50,38,50,114,96,0.45714285714285713,0.9696969696969697,0.6213592233009709
50,500,289,14,50,36,75,0.6756756756756757,0.7575757575757576,0.7142857142857142
169,139,50,50,500,93,96,0.5079365079365079,0.9696969696969697,0.6666666666666666
50,500,500,33,500,22,55,0.7142857142857143,0.5555555555555556,0.6250000000000001
270,407,500,50,500,7,47,0.8703703703703703,0.47474747474747475,0.6143790849673203
108,312,313,19,50,87,98,0.5297297297297298,0.98989898989899,0.6901408450704225
500,50,50,21,50,114,97,0.4597156398104265,0.9797979797979798,0.6258064516129033
230,200,431,13,50,12,90,0.8823529411764706,0.9090909090909091,0.8955223880597014
50,50,500,38,50,114,99,0.4647887323943662,1.0,0.6346153846153846
500,50,500,36,50,64,71,0.5259259259259259,0.7171717171717171,0.6068376068376068
194,256,453,12,50,7,86,0.9247311827956989,0.8686868686868687,0.8958333333333334
140,500,500,15,50,5,53,0.9137931034482759,0.5353535353535354,0.6751592356687898
50,50,50,40,500,113,99,0.4669811320754717,1.0,0.6366559485530546
215,229,411,11,50,7,85,0.9239130434782609,0.8585858585858586,0.8900523560209425
196,217,491,13,50,11,84,0.8842105263157894,0.8484848484848485,0.865979381443299
221,225,413,12,50,8,87,0.9157894736842105,0.8787878787878788,0.8969072164948454
240,187,397,12,105,15,92,0.8598130841121495,0.9292929292929293,0.8932038834951457
199,241,411,12,50,11,90,0.8910891089108911,0.9090909090909091,0.9
194,500,50,1,500,4,43,0.9148936170212766,0.43434343434343436,0.589041095890411
50,500,50,50,50,114,97,0.4597156398104265,0.9797979797979798,0.6258064516129033
285,50,500,35,500,89,88,0.4971751412429379,0.8888888888888888,0.6376811594202898
294,108,359,9,50,17,92,0.8440366972477065,0.9292929292929293,0.8846153846153846
210,230,415,13,50,13,89,0.8725490196078431,0.898989898989899,0.8855721393034826
270,157,418,10,50,8,89,0.9175257731958762,0.898989898989899,0.9081632653061225
216,288,239,50,50,114,99,0.4647887323943662,1.0,0.6346153846153846
261,163,419,10,50,10,88,0.8979591836734694,0.8888888888888888,0.8934010152284263
237,187,407,11,50,9,92,0.9108910891089109,0.9292929292929293,0.9199999999999999
50,500,50,28,50,114,97,0.4597156398104265,0.9797979797979798,0.6258064516129033
233,189,396,10,50,9,89,0.9081632653061225,0.898989898989899,0.9035532994923858
236,188,404,11,50,9,90,0.9090909090909091,0.9090909090909091,0.9090909090909091
235,186,402,11,50,7,88,0.9263157894736842,0.8888888888888888,0.9072164948453608
235,187,404,11,50,7,88,0.9263157894736842,0.8888888888888888,0.9072164948453608
234,186,402,11,50,7,88,0.9263157894736842,0.8888888888888888,0.9072164948453608
239,191,419,11,50,7,86,0.9247311827956989,0.8686868686868687,0.8958333333333334
242,170,385,11,50,15,91,0.8584905660377359,0.9191919191919192,0.8878048780487805
229,500,500,34,50,14,59,0.8082191780821918,0.5959595959595959,0.686046511627907
224,211,406,11,50,5,86,0.945054945054945,0.8686868686868687,0.9052631578947369
224,209,408,11,50,8,90,0.9183673469387755,0.9090909090909091,0.9137055837563451
220,212,403,10,50,6,84,0.9333333333333333,0.8484848484848485,0.888888888888889
244,199,428,11,50,5,85,0.9444444444444444,0.8585858585858586,0.8994708994708994
239,200,421,11,50,6,84,0.9333333333333333,0.8484848484848485,0.888888888888889
225,197,400,11,50,8,91,0.9191919191919192,0.9191919191919192,0.9191919191919192
222,197,392,11,50,10,90,0.9,0.9090909090909091,0.9045226130653266
221,195,398,11,50,10,90,0.9,0.9090909090909091,0.9045226130653266
221,195,401,11,50,10,89,0.898989898989899,0.898989898989899,0.898989898989899
228,205,395,11,50,8,91,0.9191919191919192,0.9191919191919192,0.9191919191919192
226,211,385,11,50,6,91,0.9381443298969072,0.9191919191919192,0.9285714285714285
223,220,370,11,50,7,90,0.9278350515463918,0.9090909090909091,0.9183673469387756
221,225,360,10,50,9,91,0.91,0.9191919191919192,0.9145728643216081
219,230,353,10,50,10,91,0.900990099009901,0.9191919191919192,0.91
219,230,355,10,50,9,91,0.91,0.9191919191919192,0.9145728643216081
216,235,354,10,50,8,92,0.92,0.9292929292929293,0.9246231155778895
209,252,347,10,50,12,88,0.88,0.8888888888888888,0.8844221105527638
233,201,349,10,50,14,92,0.8679245283018868,0.9292929292929293,0.8975609756097561
229,226,377,10,50,7,86,0.9247311827956989,0.8686868686868687,0.8958333333333334
221,210,363,11,50,15,93,0.8611111111111112,0.9393939393939394,0.8985507246376813
226,226,381,11,50,8,89,0.9175257731958762,0.898989898989899,0.9081632653061225
225,225,380,11,50,9,85,0.9042553191489362,0.8585858585858586,0.8808290155440415
220,200,371,10,50,9,91,0.91,0.9191919191919192,0.9145728643216081
217,200,370,10,50,8,91,0.9191919191919192,0.9191919191919192,0.9191919191919192
214,198,368,10,50,7,90,0.9278350515463918,0.9090909090909091,0.9183673469387756
211,196,366,9,50,9,91,0.91,0.9191919191919192,0.9145728643216081
210,194,365,9,50,10,89,0.898989898989899,0.898989898989899,0.898989898989899
230,190,358,9,50,10,92,0.9019607843137255,0.9292929292929293,0.9154228855721392
233,188,355,9,50,11,93,0.8942307692307693,0.9393939393939394,0.9162561576354681
236,187,352,9,50,9,92,0.9108910891089109,0.9292929292929293,0.9199999999999999
239,187,346,8,50,8,92,0.92,0.9292929292929293,0.9246231155778895
244,190,333,7,50,10,88,0.8979591836734694,0.8888888888888888,0.8934010152284263
233,178,347,9,50,13,91,0.875,0.9191919191919192,0.896551724137931
235,198,372,9,50,7,86,0.9247311827956989,0.8686868686868687,0.8958333333333334
228,188,353,9,50,12,91,0.883495145631068,0.9191919191919192,0.9009900990099011
218,204,374,9,50,6,89,0.9368421052631579,0.898989898989899,0.9175257731958762
215,206,375,9,50,5,87,0.9456521739130435,0.8787878787878788,0.9109947643979057
215,205,375,9,50,6,85,0.9340659340659341,0.8585858585858586,0.8947368421052632
240,193,363,9,50,12,91,0.883495145631068,0.9191919191919192,0.9009900990099011
225,192,354,10,50,16,91,0.8504672897196262,0.9191919191919192,0.883495145631068
234,209,378,9,50,7,89,0.9270833333333334,0.898989898989899,0.9128205128205129
234,210,378,9,50,7,84,0.9230769230769231,0.8484848484848485,0.8842105263157896
210,208,377,10,50,6,90,0.9375,0.9090909090909091,0.923076923076923
205,209,377,10,50,8,93,0.9207920792079208,0.9393939393939394,0.9300000000000002
198,211,376,10,50,9,91,0.91,0.9191919191919192,0.9145728643216081
197,212,376,10,50,9,91,0.91,0.9191919191919192,0.9145728643216081
196,212,376,10,50,9,91,0.91,0.9191919191919192,0.9145728643216081
195,213,375,10,50,10,90,0.9,0.9090909090909091,0.9045226130653266
199,211,377,10,50,9,91,0.91,0.9191919191919192,0.9145728643216081
266,350,271,35,469,17,61,0.782051282051282,0.6161616161616161,0.6892655367231638
199,210,377,10,50,9,91,0.91,0.9191919191919192,0.9145728643216081
198,211,377,10,50,9,91,0.91,0.9191919191919192,0.9145728643216081
198,212,376,9,50,7,89,0.9270833333333334,0.898989898989899,0.9128205128205129
276,61,305,2,57,3,50,0.9433962264150944,0.5050505050505051,0.6578947368421053
199,209,355,10,50,13,93,0.8773584905660378,0.9393939393939394,0.9073170731707318
197,213,370,10,50,9,91,0.91,0.9191919191919192,0.9145728643216081
196,214,370,10,50,8,90,0.9183673469387755,0.9090909090909091,0.9137055837563451
199,212,359,10,50,9,90,0.9090909090909091,0.9090909090909091,0.9090909090909091
197,214,379,10,50,8,90,0.9183673469387755,0.9090909090909091,0.9137055837563451
197,215,378,10,50,8,90,0.9183673469387755,0.9090909090909091,0.9137055837563451
446,479,485,48,79,8,35,0.813953488372093,0.35353535353535354,0.49295774647887325
197,214,378,10,50,8,90,0.9183673469387755,0.9090909090909091,0.9137055837563451
197,216,377,10,50,7,90,0.9278350515463918,0.9090909090909091,0.9183673469387756
195,219,375,10,50,9,86,0.9052631578947369,0.8686868686868687,0.88659793814433
208,198,360,10,50,12,93,0.8857142857142857,0.9393939393939394,0.9117647058823529
208,198,362,10,50,12,93,0.8857142857142857,0.9393939393939394,0.9117647058823529
207,197,376,10,50,6,92,0.9387755102040817,0.9292929292929293,0.934010152284264
206,193,375,10,50,11,88,0.8888888888888888,0.8888888888888888,0.8888888888888888
207,207,385,10,50,9,90,0.9090909090909091,0.9090909090909091,0.9090909090909091
209,208,350,9,50,12,92,0.8846153846153846,0.9292929292929293,0.9064039408866995
208,206,385,10,50,7,87,0.925531914893617,0.8787878787878788,0.9015544041450778
210,207,352,10,50,15,93,0.8611111111111112,0.9393939393939394,0.8985507246376813
208,210,387,10,50,6,88,0.9361702127659575,0.8888888888888888,0.9119170984455959
208,210,386,10,50,6,89,0.9368421052631579,0.898989898989899,0.9175257731958762
207,210,387,10,50,10,86,0.8958333333333334,0.8686868686868687,0.8820512820512821
213,207,352,10,50,13,93,0.8773584905660378,0.9393939393939394,0.9073170731707318
210,218,366,10,50,7,89,0.9270833333333334,0.898989898989899,0.9128205128205129
212,210,355,10,50,8,93,0.9207920792079208,0.9393939393939394,0.9300000000000002
212,209,346,10,50,17,94,0.8468468468468469,0.9494949494949495,0.8952380952380952
210,218,374,10,50,7,87,0.925531914893617,0.8787878787878788,0.9015544041450778
214,196,375,10,50,8,90,0.9183673469387755,0.9090909090909091,0.9137055837563451
214,196,374,10,50,8,90,0.9183673469387755,0.9090909090909091,0.9137055837563451
214,195,374,10,50,12,90,0.8823529411764706,0.9090909090909091,0.8955223880597014
209,220,371,10,50,6,91,0.9381443298969072,0.9191919191919192,0.9285714285714285
208,224,368,10,50,7,92,0.9292929292929293,0.9292929292929293,0.9292929292929293
206,229,365,9,50,8,88,0.9166666666666666,0.8888888888888888,0.9025641025641026
208,225,370,10,50,7,91,0.9285714285714286,0.9191919191919192,0.9238578680203046
207,228,368,10,50,11,90,0.8910891089108911,0.9090909090909091,0.9
210,223,372,10,50,9,90,0.9090909090909091,0.9090909090909091,0.9090909090909091
210,222,373,10,50,9,90,0.9090909090909091,0.9090909090909091,0.9090909090909091
210,221,374,10,50,10,91,0.900990099009901,0.9191919191919192,0.91
210,220,374,10,50,10,91,0.900990099009901,0.9191919191919192,0.91
211,217,356,10,50,10,92,0.9019607843137255,0.9292929292929293,0.9154228855721392
210,217,353,10,50,11,92,0.8932038834951457,0.9292929292929293,0.9108910891089108
210,217,354,10,50,11,92,0.8932038834951457,0.9292929292929293,0.9108910891089108
209,218,356,9,50,7,91,0.9285714285714286,0.9191919191919192,0.9238578680203046
207,221,350,9,50,12,91,0.883495145631068,0.9191919191919192,0.9009900990099011
210,219,376,10,50,7,87,0.925531914893617,0.8787878787878788,0.9015544041450778
212,211,352,10,50,10,93,0.9029126213592233,0.9393939393939394,0.9207920792079209
212,211,348,9,50,9,90,0.9090909090909091,0.9090909090909091,0.9090909090909091
212,209,350,10,50,15,94,0.8623853211009175,0.9494949494949495,0.9038461538461539
212,215,375,10,50,6,87,0.9354838709677419,0.8787878787878788,0.90625
212,210,353,10,50,10,93,0.9029126213592233,0.9393939393939394,0.9207920792079209
212,210,349,10,50,12,93,0.8857142857142857,0.9393939393939394,0.9117647058823529
211,210,348,10,50,12,92,0.8846153846153846,0.9292929292929293,0.9064039408866995
211,211,351,9,50,8,90,0.9183673469387755,0.9090909090909091,0.9137055837563451
210,212,349,9,50,9,90,0.9090909090909091,0.9090909090909091,0.9090909090909091
212,208,353,10,50,13,94,0.8785046728971962,0.9494949494949495,0.912621359223301
211,209,352,10,50,9,93,0.9117647058823529,0.9393939393939394,0.9253731343283583
211,209,346,10,50,11,93,0.8942307692307693,0.9393939393939394,0.9162561576354681
210,209,344,9,50,8,91,0.9191919191919192,0.9191919191919192,0.9191919191919192
209,210,340,9,50,8,93,0.9207920792079208,0.9393939393939394,0.9300000000000002
207,212,330,9,50,14,93,0.8691588785046729,0.9393939393939394,0.9029126213592232
209,210,337,9,50,8,93,0.9207920792079208,0.9393939393939394,0.9300000000000002
208,212,328,9,50,15,93,0.8611111111111112,0.9393939393939394,0.8985507246376813
209,208,339,9,50,13,93,0.8773584905660378,0.9393939393939394,0.9073170731707318
211,206,342,9,50,12,91,0.883495145631068,0.9191919191919192,0.9009900990099011
213,205,349,10,50,14,92,0.8679245283018868,0.9292929292929293,0.8975609756097561
204,223,356,9,50,8,91,0.9191919191919192,0.9191919191919192,0.9191919191919192
202,226,355,9,50,10,91,0.900990099009901,0.9191919191919192,0.91
202,225,355,9,50,10,89,0.898989898989899,0.898989898989899,0.898989898989899
216,210,356,10,50,10,92,0.9019607843137255,0.9292929292929293,0.9154228855721392
216,209,355,10,50,12,91,0.883495145631068,0.9191919191919192,0.9009900990099011
209,202,362,10,50,10,91,0.900990099009901,0.9191919191919192,0.91
213,216,362,10,50,9,90,0.9090909090909091,0.9090909090909091,0.9090909090909091
209,203,363,9,50,9,90,0.9090909090909091,0.9090909090909091,0.9090909090909091
212,216,362,10,50,9,90,0.9090909090909091,0.9090909090909091,0.9090909090909091
207,206,364,9,50,10,91,0.900990099009901,0.9191919191919192,0.91
209,203,361,10,50,10,91,0.900990099009901,0.9191919191919192,0.91
211,217,362,10,50,10,91,0.900990099009901,0.9191919191919192,0.91
200,221,361,10,50,12,93,0.8857142857142857,0.9393939393939394,0.9117647058823529
212,216,363,10,50,8,90,0.9183673469387755,0.9090909090909091,0.9137055837563451
208,203,362,10,50,10,91,0.900990099009901,0.9191919191919192,0.91
203,222,361,10,50,12,89,0.8811881188118812,0.898989898989899,0.89
213,200,364,9,50,7,89,0.9270833333333334,0.898989898989899,0.9128205128205129
207,490,447,24,481,2,47,0.9591836734693877,0.47474747474747475,0.6351351351351352
214,201,365,10,50,10,90,0.9,0.9090909090909091,0.9045226130653266
215,208,367,9,50,9,88,0.9072164948453608,0.8888888888888888,0.8979591836734694
213,200,361,10,50,14,90,0.8653846153846154,0.9090909090909091,0.8866995073891625
214,219,364,10,50,7,91,0.9285714285714286,0.9191919191919192,0.9238578680203046
214,220,362,10,50,10,92,0.9019607843137255,0.9292929292929293,0.9154228855721392
214,221,362,9,50,7,90,0.9278350515463918,0.9090909090909091,0.9183673469387756
214,222,360,9,50,6,87,0.9354838709677419,0.8787878787878788,0.90625
214,221,362,10,50,10,92,0.9019607843137255,0.9292929292929293,0.9154228855721392
54,277,264,41,91,114,99,0.4647887323943662,1.0,0.6346153846153846
396,92,54,29,492,45,74,0.6218487394957983,0.7474747474747475,0.6788990825688075
213,222,362,10,50,7,92,0.9292929292929293,0.9292929292929293,0.9292929292929293
213,225,360,10,50,10,93,0.9029126213592233,0.9393939393939394,0.9207920792079209
213,226,359,9,50,8,93,0.9207920792079208,0.9393939393939394,0.9300000000000002
213,226,359,9,50,8,93,0.9207920792079208,0.9393939393939394,0.9300000000000002
212,231,355,9,50,8,88,0.9166666666666666,0.8888888888888888,0.9025641025641026
213,227,359,9,50,8,93,0.9207920792079208,0.9393939393939394,0.9300000000000002
212,232,354,9,50,10,89,0.898989898989899,0.898989898989899,0.898989898989899
215,226,361,9,50,7,90,0.9278350515463918,0.9090909090909091,0.9183673469387756
214,227,360,9,50,7,91,0.9285714285714286,0.9191919191919192,0.9238578680203046
214,230,357,9,50,7,90,0.9278350515463918,0.9090909090909091,0.9183673469387756
213,232,355,9,50,10,89,0.898989898989899,0.898989898989899,0.898989898989899
215,226,362,9,50,7,90,0.9278350515463918,0.9090909090909091,0.9183673469387756
215,227,361,9,50,7,90,0.9278350515463918,0.9090909090909091,0.9183673469387756
215,228,360,9,50,6,88,0.9361702127659575,0.8888888888888888,0.9119170984455959
368,52,214,44,485,75,82,0.5222929936305732,0.8282828282828283,0.640625
215,228,361,9,50,6,87,0.9354838709677419,0.8787878787878788,0.90625
215,226,363,9,50,7,89,0.9270833333333334,0.898989898989899,0.9128205128205129
488,306,87,38,479,3,40,0.9302325581395349,0.40404040404040403,0.5633802816901408
216,226,361,9,50,6,89,0.9368421052631579,0.898989898989899,0.9175257731958762
216,227,360,9,50,6,90,0.9375,0.9090909090909091,0.923076923076923
216,228,357,9,50,6,87,0.9354838709677419,0.8787878787878788,0.90625
216,227,361,9,50,6,89,0.9368421052631579,0.898989898989899,0.9175257731958762
216,228,360,9,50,6,87,0.9354838709677419,0.8787878787878788,0.90625
216,226,362,9,50,6,89,0.9368421052631579,0.898989898989899,0.9175257731958762
215,227,362,9,50,7,90,0.9278350515463918,0.9090909090909091,0.9183673469387756
209,233,362,9,50,7,88,0.9263157894736842,0.8888888888888888,0.9072164948453608
219,224,359,9,50,7,90,0.9278350515463918,0.9090909090909091,0.9183673469387756
220,225,357,9,50,9,88,0.9072164948453608,0.8888888888888888,0.8979591836734694
207,231,366,10,50,8,91,0.9191919191919192,0.9191919191919192,0.9191919191919192
205,233,365,10,50,7,89,0.9270833333333334,0.898989898989899,0.9128205128205129
244,302,251,5,58,9,75,0.8928571428571429,0.7575757575757576,0.819672131147541
207,230,369,10,50,8,91,0.9191919191919192,0.9191919191919192,0.9191919191919192
205,232,369,10,50,7,89,0.9270833333333334,0.898989898989899,0.9128205128205129
460,150,73,13,496,20,59,0.7468354430379747,0.5959595959595959,0.6629213483146067
204,232,368,10,50,7,89,0.9270833333333334,0.898989898989899,0.9128205128205129
51,76,71,1,491,76,85,0.5279503105590062,0.8585858585858586,0.6538461538461539
206,233,368,10,50,9,91,0.91,0.9191919191919192,0.9145728643216081
205,233,368,10,50,7,89,0.9270833333333334,0.898989898989899,0.9128205128205129
293,226,281,6,474,7,60,0.8955223880597015,0.6060606060606061,0.7228915662650603
200,237,366,10,50,9,88,0.9072164948453608,0.8888888888888888,0.8979591836734694
217,217,363,9,88,6,90,0.9375,0.9090909090909091,0.923076923076923
218,216,361,9,104,6,89,0.9368421052631579,0.898989898989899,0.9175257731958762
218,216,359,9,112,7,92,0.9292929292929293,0.9292929292929293,0.9292929292929293
220,216,354,9,130,7,90,0.9278350515463918,0.9090909090909091,0.9183673469387756
220,216,353,9,131,10,89,0.898989898989899,0.898989898989899,0.898989898989899
218,216,359,9,115,8,89,0.9175257731958762,0.898989898989899,0.9081632653061225
218,217,360,9,111,9,90,0.9090909090909091,0.9090909090909091,0.9090909090909091
218,217,361,9,107,7,88,0.9263157894736842,0.8888888888888888,0.9072164948453608
218,217,361,9,104,6,89,0.9368421052631579,0.898989898989899,0.9175257731958762
218,217,361,9,105,7,89,0.9270833333333334,0.898989898989899,0.9128205128205129
58,498,84,2,94,102,81,0.4426229508196721,0.8181818181818182,0.574468085106383
54,56,121,23,475,113,99,0.4669811320754717,1.0,0.6366559485530546
218,217,362,9,103,6,90,0.9375,0.9090909090909091,0.923076923076923
469,64,99,1,429,16,51,0.7611940298507462,0.5151515151515151,0.6144578313253012
218,217,360,9,106,6,91,0.9381443298969072,0.9191919191919192,0.9285714285714285
218,217,359,9,110,7,89,0.9270833333333334,0.898989898989899,0.9128205128205129
218,217,359,9,109,6,89,0.9368421052631579,0.898989898989899,0.9175257731958762
218,218,359,9,110,8,88,0.9166666666666666,0.8888888888888888,0.9025641025641026
486,89,470,48,486,21,56,0.7272727272727273,0.5656565656565656,0.6363636363636364
83,73,475,50,53,114,99,0.4647887323943662,1.0,0.6346153846153846
219,217,360,9,106,6,91,0.9381443298969072,0.9191919191919192,0.9285714285714285
219,217,359,9,109,6,89,0.9368421052631579,0.898989898989899,0.9175257731958762
219,217,359,9,110,7,89,0.9270833333333334,0.898989898989899,0.9128205128205129
68,71,471,13,484,102,95,0.48223350253807107,0.9595959595959596,0.6418918918918919
219,215,361,9,109,10,92,0.9019607843137255,0.9292929292929293,0.9154228855721392
388,477,233,50,498,2,28,0.9333333333333333,0.2828282828282828,0.43410852713178294
219,215,360,9,109,10,92,0.9019607843137255,0.9292929292929293,0.9154228855721392
60,426,324,50,439,60,73,0.5488721804511278,0.7373737373737373,0.6293103448275863
366,285,495,35,82,34,80,0.7017543859649122,0.8080808080808081,0.7511737089201878
495,184,63,46,52,114,96,0.45714285714285713,0.9696969696969697,0.6213592233009709
56,52,401,32,447,114,99,0.4647887323943662,1.0,0.6346153846153846
219,215,362,9,109,10,92,0.9019607843137255,0.9292929292929293,0.9154228855721392
51,291,489,31,54,108,99,0.4782608695652174,1.0,0.6470588235294118
362,239,485,41,434,22,71,0.7634408602150538,0.7171717171717171,0.7395833333333334
219,214,362,9,109,10,92,0.9019607843137255,0.9292929292929293,0.9154228855721392
219,214,362,9,108,7,89,0.9270833333333334,0.898989898989899,0.9128205128205129
383,475,90,38,58,112,87,0.4371859296482412,0.8787878787878788,0.5838926174496645
219,214,362,10,107,7,92,0.9292929292929293,0.9292929292929293,0.9292929292929293
220,214,361,10,110,9,91,0.91,0.9191919191919192,0.9145728643216081
103,263,490,48,481,84,92,0.5227272727272727,0.9292929292929293,0.6690909090909091
220,214,361,10,109,10,91,0.900990099009901,0.9191919191919192,0.91
219,215,362,10,108,9,90,0.9090909090909091,0.9090909090909091,0.9090909090909091
219,215,363,9,107,5,86,0.945054945054945,0.8686868686868687,0.9052631578947369
219,215,362,10,105,7,92,0.9292929292929293,0.9292929292929293,0.9292929292929293
219,215,361,10,107,7,92,0.9292929292929293,0.9292929292929293,0.9292929292929293
220,215,360,10,109,10,91,0.900990099009901,0.9191919191919192,0.91
219,215,361,10,108,9,90,0.9090909090909091,0.9090909090909091,0.9090909090909091
219,215,362,10,107,7,92,0.9292929292929293,0.9292929292929293,0.9292929292929293
55,297,50,49,241,113,99,0.4669811320754717,1.0,0.6366559485530546
220,215,361,10,109,10,91,0.900990099009901,0.9191919191919192,0.91
219,216,362,10,108,10,89,0.898989898989899,0.898989898989899,0.898989898989899
219,215,364,10,106,6,91,0.9381443298969072,0.9191919191919192,0.9285714285714285
219,215,363,10,107,6,92,0.9387755102040817,0.9292929292929293,0.934010152284264
220,215,362,10,109,9,91,0.91,0.9191919191919192,0.9145728643216081
219,215,363,10,109,9,93,0.9117647058823529,0.9393939393939394,0.9253731343283583
219,215,362,10,110,10,93,0.9029126213592233,0.9393939393939394,0.9207920792079209
191,108,63,40,54,114,99,0.4647887323943662,1.0,0.6346153846153846
220,215,362,10,110,9,91,0.91,0.9191919191919192,0.9145728643216081
61,204,351,11,59,68,98,0.5903614457831325,0.98989898989899,0.739622641509434
217,217,362,10,110,9,90,0.9090909090909091,0.9090909090909091,0.9090909090909091
218,216,363,10,109,9,91,0.91,0.9191919191919192,0.9145728643216081
218,215,363,10,109,9,93,0.9117647058823529,0.9393939393939394,0.9253731343283583
218,216,362,10,109,10,91,0.900990099009901,0.9191919191919192,0.91
336,167,499,50,92,107,92,0.4623115577889447,0.9292929292929293,0.6174496644295302
497,67,205,24,474,24,57,0.7037037037037037,0.5757575757575758,0.6333333333333334
386,60,73,12,465,73,79,0.5197368421052632,0.797979797979798,0.6294820717131474
222,209,357,9,113,8,88,0.9166666666666666,0.8888888888888888,0.9025641025641026
52,260,495,24,492,83,90,0.5202312138728323,0.9090909090909091,0.6617647058823529
218,214,363,10,109,9,93,0.9117647058823529,0.9393939393939394,0.9253731343283583
218,214,362,10,110,10,93,0.9029126213592233,0.9393939393939394,0.9207920792079209
218,213,362,10,111,11,92,0.8932038834951457,0.9292929292929293,0.9108910891089108
493,282,58,13,67,113,90,0.4433497536945813,0.9090909090909091,0.5960264900662252
219,212,362,10,110,10,90,0.9,0.9090909090909091,0.9045226130653266
218,215,365,10,108,7,90,0.9278350515463918,0.9090909090909091,0.9183673469387756
217,215,365,10,108,8,90,0.9183673469387755,0.9090909090909091,0.9137055837563451
59,494,240,30,382,45,66,0.5945945945945946,0.6666666666666666,0.6285714285714286
217,216,365,10,108,6,90,0.9375,0.9090909090909091,0.923076923076923
216,217,366,10,108,5,90,0.9473684210526315,0.9090909090909091,0.9278350515463918
215,218,366,10,109,8,92,0.92,0.9292929292929293,0.9246231155778895
214,219,367,10,109,8,92,0.92,0.9292929292929293,0.9246231155778895
213,220,367,10,110,9,91,0.91,0.9191919191919192,0.9145728643216081
214,220,367,10,109,8,91,0.9191919191919192,0.9191919191919192,0.9191919191919192
213,220,367,10,109,9,92,0.9108910891089109,0.9292929292929293,0.9199999999999999
213,221,367,10,110,9,91,0.91,0.9191919191919192,0.9145728643216081
223,382,487,38,490,16,63,0.7974683544303798,0.6363636363636364,0.7078651685393258
500,55,462,2,463,1,19,0.95,0.1919191919191919,0.319327731092437
217,216,369,10,110,7,88,0.9263157894736842,0.8888888888888888,0.9072164948453608
218,215,367,10,110,8,92,0.92,0.9292929292929293,0.9246231155778895
217,215,368,10,110,8,93,0.9207920792079208,0.9393939393939394,0.9300000000000002
217,216,369,10,111,7,89,0.9270833333333334,0.898989898989899,0.9128205128205129
217,215,368,10,111,7,92,0.9292929292929293,0.9292929292929293,0.9292929292929293
217,216,369,10,112,6,89,0.9368421052631579,0.898989898989899,0.9175257731958762
216,216,369,10,112,6,89,0.9368421052631579,0.898989898989899,0.9175257731958762
499,252,109,1,74,46,52,0.5306122448979592,0.5252525252525253,0.5279187817258884
217,214,369,10,112,8,90,0.9183673469387755,0.9090909090909091,0.9137055837563451
217,215,369,10,112,8,90,0.9183673469387755,0.9090909090909091,0.9137055837563451
218,214,368,10,112,7,88,0.9263157894736842,0.8888888888888888,0.9072164948453608
217,216,368,10,110,7,88,0.9263157894736842,0.8888888888888888,0.9072164948453608
222,210,363,10,112,10,94,0.9038461538461539,0.9494949494949495,0.9261083743842364
224,208,361,9,114,8,88,0.9166666666666666,0.8888888888888888,0.9025641025641026
214,222,367,10,108,10,90,0.9,0.9090909090909091,0.9045226130653266
223,210,361,10,110,9,93,0.9117647058823529,0.9393939393939394,0.9253731343283583
224,209,360,10,111,10,91,0.900990099009901,0.9191919191919192,0.91
223,210,362,10,110,9,92,0.9108910891089109,0.9292929292929293,0.9199999999999999
223,210,361,10,111,9,91,0.91,0.9191919191919192,0.9145728643216081
202,342,331,9,211,10,86,0.8958333333333334,0.8686868686868687,0.8820512820512821
209,242,359,10,115,8,91,0.9191919191919192,0.9191919191919192,0.9191919191919192
209,242,359,10,116,7,88,0.9263157894736842,0.8888888888888888,0.9072164948453608
210,239,360,10,114,7,88,0.9263157894736842,0.8888888888888888,0.9072164948453608
211,237,360,10,113,9,88,0.9072164948453608,0.8888888888888888,0.8979591836734694
213,233,363,10,110,10,88,0.8979591836734694,0.8888888888888888,0.8934010152284263
216,227,366,10,107,6,91,0.9381443298969072,0.9191919191919192,0.9285714285714285
216,229,366,10,108,8,92,0.92,0.9292929292929293,0.9246231155778895
215,230,366,10,108,7,88,0.9263157894736842,0.8888888888888888,0.9072164948453608
216,228,366,10,108,8,92,0.92,0.9292929292929293,0.9246231155778895
60,91,205,50,498,113,99,0.4669811320754717,1.0,0.6366559485530546
226,293,66,27,495,31,72,0.6990291262135923,0.7272727272727273,0.712871287128713
217,229,364,10,108,9,92,0.9108910891089109,0.9292929292929293,0.9199999999999999
217,230,364,10,108,8,93,0.9207920792079208,0.9393939393939394,0.9300000000000002
216,232,363,10,109,8,89,0.9175257731958762,0.898989898989899,0.9081632653061225
366,152,498,15,203,9,79,0.8977272727272727,0.797979797979798,0.8449197860962567
217,230,365,10,107,8,86,0.9148936170212766,0.8686868686868687,0.8911917098445595
219,224,366,10,106,8,90,0.9183673469387755,0.9090909090909091,0.9137055837563451
197,460,279,12,442,9,64,0.8767123287671232,0.6464646464646465,0.7441860465116279
220,223,366,10,106,7,90,0.9278350515463918,0.9090909090909091,0.9183673469387756
497,113,322,15,87,23,74,0.7628865979381443,0.7474747474747475,0.7551020408163266
223,222,365,10,104,8,90,0.9183673469387755,0.9090909090909091,0.9137055837563451
222,222,366,10,104,8,90,0.9183673469387755,0.9090909090909091,0.9137055837563451
221,223,367,10,104,6,90,0.9375,0.9090909090909091,0.923076923076923
222,223,367,10,104,8,90,0.9183673469387755,0.9090909090909091,0.9137055837563451
221,223,368,10,104,6,90,0.9375,0.9090909090909091,0.923076923076923
287,313,54,37,498,14,58,0.8055555555555556,0.5858585858585859,0.6783625730994152
223,222,364,10,104,9,90,0.9090909090909091,0.9090909090909091,0.9090909090909091
220,223,369,10,104,6,90,0.9375,0.9090909090909091,0.923076923076923
344,194,221,9,216,43,93,0.6838235294117647,0.9393939393939394,0.7914893617021277
219,224,371,10,105,7,89,0.9270833333333334,0.898989898989899,0.9128205128205129
219,223,370,10,105,7,87,0.925531914893617,0.8787878787878788,0.9015544041450778
219,222,369,10,105,7,89,0.9270833333333334,0.898989898989899,0.9128205128205129
219,222,368,10,105,7,89,0.9270833333333334,0.898989898989899,0.9128205128205129
51,53,69,23,61,114,99,0.4647887323943662,1.0,0.6346153846153846
216,223,370,10,106,8,91,0.9191919191919192,0.9191919191919192,0.9191919191919192
149,340,322,9,74,13,89,0.8725490196078431,0.898989898989899,0.8855721393034826
205,238,360,9,105,8,89,0.9175257731958762,0.898989898989899,0.9081632653061225
206,235,361,9,105,8,88,0.9166666666666666,0.8888888888888888,0.9025641025641026
228,204,367,10,110,7,91,0.9285714285714286,0.9191919191919192,0.9238578680203046
229,202,367,10,111,10,91,0.900990099009901,0.9191919191919192,0.91
174,466,281,8,63,9,69,0.8846153846153846,0.696969696969697,0.7796610169491526
227,205,368,10,109,8,87,0.9157894736842105,0.8787878787878788,0.8969072164948454
207,235,360,10,103,8,94,0.9215686274509803,0.9494949494949495,0.9353233830845771
205,241,358,10,104,7,93,0.93,0.9393939393939394,0.9346733668341709
202,246,356,10,106,13,93,0.8773584905660378,0.9393939393939394,0.9073170731707318
204,243,358,10,105,7,90,0.9278350515463918,0.9090909090909091,0.9183673469387756
203,243,357,10,105,9,91,0.91,0.9191919191919192,0.9145728643216081
498,260,468,50,495,3,38,0.926829268292683,0.3838383838383838,0.5428571428571428
500,68,340,50,70,109,78,0.41711229946524064,0.7878787878787878,0.5454545454545454
500,68,340,50,70,109,78,0.41711229946524064,0.7878787878787878,0.5454545454545454
166,298,500,12,275,3,78,0.9629629629629629,0.7878787878787878,0.8666666666666665
196,256,382,10,121,7,89,0.9270833333333334,0.898989898989899,0.9128205128205129
198,252,381,10,119,9,87,0.90625,0.8787878787878788,0.8923076923076922
208,233,378,10,114,11,86,0.8865979381443299,0.8686868686868687,0.8775510204081632
216,222,375,10,109,6,88,0.9361702127659575,0.8888888888888888,0.9119170984455959
216,221,374,10,108,6,91,0.9381443298969072,0.9191919191919192,0.9285714285714285
216,222,376,10,109,6,88,0.9361702127659575,0.8888888888888888,0.9119170984455959
216,221,375,10,109,7,88,0.9263157894736842,0.8888888888888888,0.9072164948453608
288,187,494,12,338,5,77,0.9390243902439024,0.7777777777777778,0.8508287292817679
217,220,375,10,109,7,88,0.9263157894736842,0.8888888888888888,0.9072164948453608
212,232,354,9,105,9,91,0.91,0.9191919191919192,0.9145728643216081
218,219,373,10,108,7,90,0.9278350515463918,0.9090909090909091,0.9183673469387756
218,219,374,10,108,7,90,0.9278350515463918,0.9090909090909091,0.9183673469387756
294,324,495,15,494,2,49,0.9607843137254902,0.494949494949495,0.6533333333333333
219,210,375,10,113,11,90,0.8910891089108911,0.9090909090909091,0.9
210,231,352,9,105,13,87,0.87,0.8787878787878788,0.8743718592964824
226,206,375,10,110,8,85,0.9139784946236559,0.8585858585858586,0.8854166666666665
215,223,376,10,104,7,87,0.925531914893617,0.8787878787878788,0.9015544041450778
223,215,371,10,101,8,87,0.9157894736842105,0.8787878787878788,0.8969072164948454
212,232,352,10,97,11,89,0.89,0.898989898989899,0.8944723618090452
217,216,376,10,104,7,88,0.9263157894736842,0.8888888888888888,0.9072164948453608
218,216,375,10,103,6,88,0.9361702127659575,0.8888888888888888,0.9119170984455959
218,216,374,10,103,6,88,0.9361702127659575,0.8888888888888888,0.9119170984455959
222,212,371,10,102,8,85,0.9139784946236559,0.8585858585858586,0.8854166666666665
205,237,365,10,98,11,91,0.8921568627450981,0.9191919191919192,0.9054726368159205
217,227,351,10,93,10,92,0.9019607843137255,0.9292929292929293,0.9154228855721392
216,227,351,10,93,10,92,0.9019607843137255,0.9292929292929293,0.9154228855721392
216,227,351,9,93,9,92,0.9108910891089109,0.9292929292929293,0.9199999999999999
215,228,350,9,94,9,91,0.91,0.9191919191919192,0.9145728643216081
216,228,350,9,94,8,86,0.9148936170212766,0.8686868686868687,0.8911917098445595
212,223,374,10,100,10,89,0.898989898989899,0.898989898989899,0.898989898989899
226,213,362,10,93,11,91,0.8921568627450981,0.9191919191919192,0.9054726368159205
224,211,367,10,97,9,91,0.91,0.9191919191919192,0.9145728643216081
210,226,372,10,99,8,89,0.9175257731958762,0.898989898989899,0.9081632653061225
225,212,362,10,93,9,89,0.9081632653061225,0.898989898989899,0.9035532994923858
207,230,369,10,98,7,86,0.9247311827956989,0.8686868686868687,0.8958333333333334
226,209,364,10,96,9,89,0.9081632653061225,0.898989898989899,0.9035532994923858
222,219,355,10,88,11,93,0.8942307692307693,0.9393939393939394,0.9162561576354681
221,221,353,10,89,12,92,0.8846153846153846,0.9292929292929293,0.9064039408866995
221,210,370,10,100,8,89,0.9175257731958762,0.898989898989899,0.9081632653061225
214,219,372,10,99,11,89,0.89,0.898989898989899,0.8944723618090452
216,226,350,9,89,9,90,0.9090909090909091,0.9090909090909091,0.9090909090909091
221,220,354,10,86,10,93,0.9029126213592233,0.9393939393939394,0.9207920792079209
219,223,351,9,87,8,92,0.92,0.9292929292929293,0.9246231155778895
218,224,349,9,88,11,89,0.89,0.898989898989899,0.8944723618090452
225,215,362,10,88,9,90,0.9090909090909091,0.9090909090909091,0.9090909090909091
217,224,352,10,87,11,93,0.8942307692307693,0.9393939393939394,0.9162561576354681
224,216,361,10,87,8,91,0.9191919191919192,0.9191919191919192,0.9191919191919192
224,216,360,10,86,7,92,0.9292929292929293,0.9292929292929293,0.9292929292929293
225,217,358,10,86,7,92,0.9292929292929293,0.9292929292929293,0.9292929292929293
225,217,356,10,85,8,92,0.92,0.9292929292929293,0.9246231155778895
226,218,355,10,85,11,92,0.8932038834951457,0.9292929292929293,0.9108910891089108
225,217,355,10,85,8,92,0.92,0.9292929292929293,0.9246231155778895
226,218,354,10,85,12,92,0.8846153846153846,0.9292929292929293,0.9064039408866995
226,217,355,10,85,10,93,0.9029126213592233,0.9393939393939394,0.9207920792079209
226,217,354,10,85,11,93,0.8942307692307693,0.9393939393939394,0.9162561576354681
146,328,423,10,71,8,84,0.9130434782608695,0.8484848484848485,0.8795811518324607
228,212,357,10,88,8,92,0.92,0.9292929292929293,0.9246231155778895
228,212,356,10,88,9,92,0.9108910891089109,0.9292929292929293,0.9199999999999999
229,211,356,10,89,8,89,0.9175257731958762,0.898989898989899,0.9081632653061225
196,498,324,44,102,80,77,0.49044585987261147,0.7777777777777778,0.6015625
499,318,438,36,59,13,65,0.8333333333333334,0.6565656565656566,0.7344632768361581
230,208,359,10,91,10,90,0.9,0.9090909090909091,0.9045226130653266
229,210,359,10,90,7,91,0.9285714285714286,0.9191919191919192,0.9238578680203046
229,209,359,10,91,10,91,0.900990099009901,0.9191919191919192,0.91
229,209,359,10,90,14,93,0.8691588785046729,0.9393939393939394,0.9029126213592232
228,212,360,10,89,7,92,0.9292929292929293,0.9292929292929293,0.9292929292929293
229,210,359,10,89,7,89,0.9270833333333334,0.898989898989899,0.9128205128205129
229,211,359,10,89,7,89,0.9270833333333334,0.898989898989899,0.9128205128205129
227,499,52,29,410,5,51,0.9107142857142857,0.5151515151515151,0.6580645161290323
228,212,359,10,88,8,92,0.92,0.9292929292929293,0.9246231155778895
495,259,464,28,66,7,64,0.9014084507042254,0.6464646464646465,0.7529411764705883
488,211,496,34,363,14,55,0.7971014492753623,0.5555555555555556,0.6547619047619048
229,212,360,10,89,7,92,0.9292929292929293,0.9292929292929293,0.9292929292929293
231,211,359,10,90,9,89,0.9081632653061225,0.898989898989899,0.9035532994923858
451,268,51,24,494,8,46,0.8518518518518519,0.46464646464646464,0.6013071895424835
229,213,360,10,88,8,92,0.92,0.9292929292929293,0.9246231155778895
230,212,360,10,89,9,90,0.9090909090909091,0.9090909090909091,0.9090909090909091
229,212,360,10,88,8,92,0.92,0.9292929292929293,0.9246231155778895
230,211,360,10,89,10,90,0.9,0.9090909090909091,0.9045226130653266
193,358,389,13,125,12,83,0.8736842105263158,0.8383838383838383,0.8556701030927836
229,213,360,10,89,7,92,0.9292929292929293,0.9292929292929293,0.9292929292929293
230,212,359,10,89,9,90,0.9090909090909091,0.9090909090909091,0.9090909090909091
229,213,359,10,89,7,92,0.9292929292929293,0.9292929292929293,0.9292929292929293
188,183,275,43,490,69,89,0.5632911392405063,0.898989898989899,0.6926070038910506
484,460,63,30,57,110,74,0.40217391304347827,0.7474747474747475,0.5229681978798586
51,65,200,33,82,114,99,0.4647887323943662,1.0,0.6346153846153846
230,213,360,10,89,9,90,0.9090909090909091,0.9090909090909091,0.9090909090909091
52,278,66,24,500,96,92,0.48936170212765956,0.9292929292929293,0.6411149825783972
230,213,361,10,88,10,90,0.9,0.9090909090909091,0.9045226130653266
229,214,362,10,88,9,91,0.91,0.9191919191919192,0.9145728643216081
219,498,307,25,54,28,76,0.7307692307692307,0.7676767676767676,0.7487684729064039
352,427,417,26,69,9,68,0.8831168831168831,0.6868686868686869,0.7727272727272728
230,211,362,10,90,9,88,0.9072164948453608,0.8888888888888888,0.8979591836734694
228,214,362,10,89,8,93,0.9207920792079208,0.9393939393939394,0.9300000000000002
229,213,362,10,89,7,92,0.9292929292929293,0.9292929292929293,0.9292929292929293
231,212,362,10,90,9,91,0.91,0.9191919191919192,0.9145728643216081
230,212,362,10,90,9,91,0.91,0.9191919191919192,0.9145728643216081
81,54,92,1,105,46,88,0.6567164179104478,0.8888888888888888,0.7553648068669527
231,210,360,10,92,11,92,0.8932038834951457,0.9292929292929293,0.9108910891089108
230,211,360,10,91,10,92,0.9019607843137255,0.9292929292929293,0.9154228855721392
91,241,65,2,64,111,99,0.4714285714285714,1.0,0.6407766990291262
229,213,356,9,89,7,91,0.9285714285714286,0.9191919191919192,0.9238578680203046
230,212,356,9,90,7,92,0.9292929292929293,0.9292929292929293,0.9292929292929293
232,210,356,9,92,8,90,0.9183673469387755,0.9090909090909091,0.9137055837563451
232,210,355,9,91,10,88,0.8979591836734694,0.8888888888888888,0.8934010152284263
229,215,356,9,87,8,91,0.9191919191919192,0.9191919191919192,0.9191919191919192
229,215,356,9,88,7,90,0.9278350515463918,0.9090909090909091,0.9183673469387756
229,214,356,9,88,7,90,0.9278350515463918,0.9090909090909091,0.9183673469387756
230,214,356,9,88,8,90,0.9183673469387755,0.9090909090909091,0.9137055837563451
229,214,355,9,88,8,90,0.9183673469387755,0.9090909090909091,0.9137055837563451
229,215,355,9,88,8,90,0.9183673469387755,0.9090909090909091,0.9137055837563451
239,364,490,28,219,30,80,0.7272727272727273,0.8080808080808081,0.7655502392344496
68,493,498,13,479,3,48,0.9411764705882353,0.48484848484848486,0.64
229,217,354,9,88,9,91,0.91,0.9191919191919192,0.9145728643216081
228,217,353,9,88,9,91,0.91,0.9191919191919192,0.9145728643216081
55,480,192,6,471,14,59,0.8082191780821918,0.5959595959595959,0.686046511627907
229,217,356,9,86,8,90,0.9183673469387755,0.9090909090909091,0.9137055837563451
213,71,239,8,58,64,98,0.6049382716049383,0.98989898989899,0.7509578544061302
229,217,357,9,85,7,90,0.9278350515463918,0.9090909090909091,0.9183673469387756
441,248,307,41,66,87,86,0.49710982658959535,0.8686868686868687,0.6323529411764706
330,249,423,24,55,31,87,0.7372881355932204,0.8787878787878788,0.8018433179723503
229,218,356,9,85,10,90,0.9,0.9090909090909091,0.9045226130653266
228,218,356,10,85,12,91,0.883495145631068,0.9191919191919192,0.9009900990099011
228,216,359,10,85,11,94,0.8952380952380953,0.9494949494949495,0.9215686274509803
229,217,358,10,85,12,94,0.8867924528301887,0.9494949494949495,0.9170731707317074
53,402,464,10,65,5,70,0.9333333333333333,0.7070707070707071,0.8045977011494253
228,216,353,9,87,8,88,0.9166666666666666,0.8888888888888888,0.9025641025641026
228,216,355,10,86,12,93,0.8857142857142857,0.9393939393939394,0.9117647058823529
228,216,356,10,86,12,93,0.8857142857142857,0.9393939393939394,0.9117647058823529
228,215,357,10,86,8,89,0.9175257731958762,0.898989898989899,0.9081632653061225
229,214,359,10,87,9,91,0.91,0.9191919191919192,0.9145728643216081
228,214,359,10,87,9,91,0.91,0.9191919191919192,0.9145728643216081
247,364,319,32,64,81,88,0.5207100591715976,0.8888888888888888,0.6567164179104478
225,218,351,9,88,9,88,0.9072164948453608,0.8888888888888888,0.8979591836734694
229,209,365,10,90,13,92,0.8761904761904762,0.9292929292929293,0.9019607843137255
227,215,363,10,85,7,89,0.9270833333333334,0.898989898989899,0.9128205128205129
222,220,350,10,87,11,90,0.8910891089108911,0.9090909090909091,0.9
228,210,368,10,90,6,89,0.9368421052631579,0.898989898989899,0.9175257731958762
228,209,368,10,91,8,90,0.9183673469387755,0.9090909090909091,0.9137055837563451
228,210,367,10,90,6,90,0.9375,0.9090909090909091,0.923076923076923
229,208,368,10,92,9,88,0.9072164948453608,0.8888888888888888,0.8979591836734694
226,215,366,10,86,8,88,0.9166666666666666,0.8888888888888888,0.9025641025641026
225,215,366,10,86,8,91,0.9191919191919192,0.9191919191919192,0.9191919191919192
228,152,283,27,498,65,88,0.5751633986928104,0.8888888888888888,0.6984126984126985
225,215,367,10,86,8,91,0.9191919191919192,0.9191919191919192,0.9191919191919192
226,215,367,10,86,8,88,0.9166666666666666,0.8888888888888888,0.9025641025641026
225,216,366,10,86,6,90,0.9375,0.9090909090909091,0.923076923076923
225,216,367,10,86,6,90,0.9375,0.9090909090909091,0.923076923076923
53,498,463,45,482,26,58,0.6904761904761905,0.5858585858585859,0.633879781420765
54,300,499,11,183,18,84,0.8235294117647058,0.8484848484848485,0.8358208955223881
225,217,366,10,84,5,90,0.9473684210526315,0.9090909090909091,0.9278350515463918
226,217,366,10,84,8,92,0.92,0.9292929292929293,0.9246231155778895
107,413,328,10,238,20,79,0.797979797979798,0.797979797979798,0.7979797979797979
224,223,360,10,82,8,90,0.9183673469387755,0.9090909090909091,0.9137055837563451
407,183,331,19,328,31,78,0.7155963302752294,0.7878787878787878,0.75
224,222,362,10,82,8,89,0.9175257731958762,0.898989898989899,0.9081632653061225
224,221,363,10,82,6,92,0.9387755102040817,0.9292929292929293,0.934010152284264
225,223,362,10,81,9,91,0.91,0.9191919191919192,0.9145728643216081
299,249,304,49,499,24,64,0.7272727272727273,0.6464646464646465,0.6844919786096257
225,222,363,10,82,8,89,0.9175257731958762,0.898989898989899,0.9081632653061225
225,222,364,10,82,8,89,0.9175257731958762,0.898989898989899,0.9081632653061225
225,221,364,10,82,6,92,0.9387755102040817,0.9292929292929293,0.934010152284264
51,499,468,35,63,65,76,0.5390070921985816,0.7676767676767676,0.6333333333333333
268,359,252,9,153,17,82,0.8282828282828283,0.8282828282828283,0.8282828282828283
225,222,365,10,82,8,89,0.9175257731958762,0.898989898989899,0.9081632653061225
158,312,486,8,64,2,68,0.9714285714285714,0.6868686868686869,0.8047337278106508
225,223,360,10,81,9,91,0.91,0.9191919191919192,0.9145728643216081
279,76,51,25,121,114,99,0.4647887323943662,1.0,0.6346153846153846
225,222,361,10,80,9,90,0.9090909090909091,0.9090909090909091,0.9090909090909091
225,222,361,10,81,9,91,0.91,0.9191919191919192,0.9145728643216081
497,227,236,23,50,56,80,0.5882352941176471,0.8080808080808081,0.6808510638297872
226,221,362,10,81,5,89,0.9468085106382979,0.898989898989899,0.9222797927461138
226,222,362,10,81,8,91,0.9191919191919192,0.9191919191919192,0.9191919191919192
226,222,361,10,80,9,91,0.91,0.9191919191919192,0.9145728643216081
226,222,361,10,81,8,91,0.9191919191919192,0.9191919191919192,0.9191919191919192
60,194,51,33,465,112,98,0.4666666666666667,0.98989898989899,0.6343042071197411
225,223,360,10,80,9,92,0.9108910891089109,0.9292929292929293,0.9199999999999999
225,224,360,10,80,7,90,0.9278350515463918,0.9090909090909091,0.9183673469387756
477,55,248,8,57,27,78,0.7428571428571429,0.7878787878787878,0.7647058823529412
224,226,359,10,79,9,92,0.9108910891089109,0.9292929292929293,0.9199999999999999
224,226,358,10,79,10,92,0.9019607843137255,0.9292929292929293,0.9154228855721392
367,56,242,15,76,98,95,0.49222797927461137,0.9595959595959596,0.6506849315068493
224,227,353,10,80,10,91,0.900990099009901,0.9191919191919192,0.91
224,227,355,10,80,10,91,0.900990099009901,0.9191919191919192,0.91
224,226,355,10,80,10,91,0.900990099009901,0.9191919191919192,0.91
225,225,356,10,80,7,90,0.9278350515463918,0.9090909090909091,0.9183673469387756
489,79,249,10,410,13,64,0.8311688311688312,0.6464646464646465,0.7272727272727274
225,225,357,10,80,7,90,0.9278350515463918,0.9090909090909091,0.9183673469387756
266,478,62,50,67,114,92,0.44660194174757284,0.9292929292929293,0.6032786885245901
225,225,358,10,79,9,92,0.9108910891089109,0.9292929292929293,0.9199999999999999
225,226,357,10,79,10,92,0.9019607843137255,0.9292929292929293,0.9154228855721392
88,63,53,9,407,113,99,0.4669811320754717,1.0,0.6366559485530546
225,226,356,10,79,10,92,0.9019607843137255,0.9292929292929293,0.9154228855721392
155,53,259,48,63,114,99,0.4647887323943662,1.0,0.6346153846153846
425,222,308,8,60,9,70,0.8860759493670886,0.7070707070707071,0.7865168539325842
227,225,360,10,77,9,88,0.9072164948453608,0.8888888888888888,0.8979591836734694
227,224,360,10,79,9,91,0.91,0.9191919191919192,0.9145728643216081
226,224,360,10,79,9,91,0.91,0.9191919191919192,0.9145728643216081
308,330,272,25,495,9,50,0.847457627118644,0.5050505050505051,0.6329113924050632
227,223,360,10,80,9,91,0.91,0.9191919191919192,0.9145728643216081
268,95,393,9,266,20,93,0.8230088495575221,0.9393939393939394,0.8773584905660378
243,188,372,10,116,12,89,0.8811881188118812,0.898989898989899,0.89
221,229,354,10,78,10,92,0.9019607843137255,0.9292929292929293,0.9154228855721392
497,51,342,36,489,25,56,0.691358024691358,0.5656565656565656,0.6222222222222221
172,180,496,10,328,5,77,0.9390243902439024,0.7777777777777778,0.8508287292817679
221,229,353,10,76,12,93,0.8857142857142857,0.9393939393939394,0.9117647058823529
227,207,367,10,98,8,88,0.9166666666666666,0.8888888888888888,0.9025641025641026
220,230,353,10,76,9,92,0.9108910891089109,0.9292929292929293,0.9199999999999999
220,231,352,10,76,9,92,0.9108910891089109,0.9292929292929293,0.9199999999999999
220,232,351,10,75,9,91,0.91,0.9191919191919192,0.9145728643216081
220,232,351,10,76,12,92,0.8846153846153846,0.9292929292929293,0.9064039408866995
221,230,352,10,76,9,92,0.9108910891089109,0.9292929292929293,0.9199999999999999
495,470,324,18,103,2,32,0.9411764705882353,0.32323232323232326,0.481203007518797
292,491,63,2,51,105,83,0.44148936170212766,0.8383838383838383,0.578397212543554
220,231,353,10,76,9,92,0.9108910891089109,0.9292929292929293,0.9199999999999999
220,232,352,10,76,10,92,0.9019607843137255,0.9292929292929293,0.9154228855721392
439,449,332,34,53,16,66,0.8048780487804879,0.6666666666666666,0.7292817679558011
220,232,352,10,77,9,92,0.9108910891089109,0.9292929292929293,0.9199999999999999
219,233,351,10,76,11,92,0.8932038834951457,0.9292929292929293,0.9108910891089108
57,82,383,43,404,113,99,0.4669811320754717,1.0,0.6366559485530546
53,311,264,3,67,7,74,0.9135802469135802,0.7474747474747475,0.8222222222222223
216,228,351,9,85,8,91,0.9191919191919192,0.9191919191919192,0.9191919191919192
117,177,246,1,101,5,44,0.8979591836734694,0.4444444444444444,0.5945945945945946
222,223,349,9,81,9,89,0.9081632653061225,0.898989898989899,0.9035532994923858
221,222,351,10,80,8,92,0.92,0.9292929292929293,0.9246231155778895
221,223,350,10,81,13,88,0.8712871287128713,0.8888888888888888,0.88
224,220,358,10,75,10,92,0.9019607843137255,0.9292929292929293,0.9154228855721392
130,311,271,8,52,31,95,0.753968253968254,0.9595959595959596,0.8444444444444444
224,221,359,10,73,7,90,0.9278350515463918,0.9090909090909091,0.9183673469387756
138,478,336,2,66,1,35,0.9722222222222222,0.35353535353535354,0.5185185185185186
224,223,357,10,67,9,93,0.9117647058823529,0.9393939393939394,0.9253731343283583
224,224,357,10,65,8,91,0.9191919191919192,0.9191919191919192,0.9191919191919192
224,224,357,10,64,7,91,0.9285714285714286,0.9191919191919192,0.9238578680203046
225,225,356,10,62,7,90,0.9278350515463918,0.9090909090909091,0.9183673469387756
225,225,356,10,61,10,92,0.9019607843137255,0.9292929292929293,0.9154228855721392
342,370,484,43,51,36,75,0.6756756756756757,0.7575757575757576,0.7142857142857142
225,224,356,10,61,10,92,0.9019607843137255,0.9292929292929293,0.9154228855721392
500,52,50,19,493,25,55,0.6875,0.5555555555555556,0.6145251396648045
225,224,356,10,60,9,92,0.9108910891089109,0.9292929292929293,0.9199999999999999
225,224,356,10,59,11,93,0.8942307692307693,0.9393939393939394,0.9162561576354681
52,375,492,43,82,108,96,0.47058823529411764,0.9696969696969697,0.6336633663366337
225,225,356,10,59,11,93,0.8942307692307693,0.9393939393939394,0.9162561576354681
214,351,188,44,485,26,69,0.7263157894736842,0.696969696969697,0.7113402061855671
66,324,492,13,468,27,79,0.7452830188679245,0.797979797979798,0.7707317073170732
225,225,356,10,60,9,92,0.9108910891089109,0.9292929292929293,0.9199999999999999
52,339,367,5,52,4,68,0.9444444444444444,0.6868686868686869,0.7953216374269005
225,225,356,10,58,9,91,0.91,0.9191919191919192,0.9145728643216081
51,376,223,9,95,68,94,0.5802469135802469,0.9494949494949495,0.7203065134099617
226,224,354,10,58,13,90,0.8737864077669902,0.9090909090909091,0.891089108910891
225,222,356,10,65,10,91,0.900990099009901,0.9191919191919192,0.91
225,222,356,10,66,8,94,0.9215686274509803,0.9494949494949495,0.9353233830845771
226,223,356,10,62,7,89,0.9270833333333334,0.898989898989899,0.9128205128205129
226,223,356,10,63,10,91,0.900990099009901,0.9191919191919192,0.91
225,223,356,10,64,9,91,0.91,0.9191919191919192,0.9145728643216081
456,58,62,39,499,36,64,0.64,0.6464646464646465,0.6432160804020101
225,223,356,10,63,9,90,0.9090909090909091,0.9090909090909091,0.9090909090909091
206,179,489,27,187,85,97,0.532967032967033,0.9797979797979798,0.6903914590747331
189,357,197,5,407,15,74,0.8314606741573034,0.7474747474747475,0.7872340425531915
225,221,357,10,65,6,91,0.9381443298969072,0.9191919191919192,0.9285714285714285
225,222,357,10,63,9,90,0.9090909090909091,0.9090909090909091,0.9090909090909091
225,221,357,10,64,5,92,0.9484536082474226,0.9292929292929293,0.9387755102040816
226,222,356,10,60,6,90,0.9375,0.9090909090909091,0.923076923076923
226,222,356,10,58,9,90,0.9090909090909091,0.9090909090909091,0.9090909090909091
310,477,54,11,434,4,47,0.9215686274509803,0.47474747474747475,0.6266666666666666
243,431,499,24,58,9,69,0.8846153846153846,0.696969696969697,0.7796610169491526
484,80,378,24,64,43,79,0.6475409836065574,0.797979797979798,0.7149321266968327
279,66,56,1,492,65,78,0.5454545454545454,0.7878787878787878,0.6446280991735537
226,223,356,10,60,6,90,0.9375,0.9090909090909091,0.923076923076923
226,223,356,10,58,9,90,0.9090909090909091,0.9090909090909091,0.9090909090909091
278,500,255,38,478,4,38,0.9047619047619048,0.3838383838383838,0.5390070921985816
226,222,356,10,61,6,91,0.9381443298969072,0.9191919191919192,0.9285714285714285
227,222,356,10,58,9,90,0.9090909090909091,0.9090909090909091,0.9090909090909091
194,191,51,20,475,65,90,0.5806451612903226,0.9090909090909091,0.7086614173228346
227,222,356,10,60,6,90,0.9375,0.9090909090909091,0.923076923076923
52,361,368,36,460,77,86,0.5276073619631901,0.8686868686868687,0.6564885496183207
228,54,487,7,437,4,66,0.9428571428571428,0.6666666666666666,0.7810650887573964
227,221,356,10,57,9,93,0.9117647058823529,0.9393939393939394,0.9253731343283583
227,221,356,10,55,12,93,0.8857142857142857,0.9393939393939394,0.9117647058823529
227,221,356,10,56,10,92,0.9019607843137255,0.9292929292929293,0.9154228855721392
271,409,340,18,73,18,80,0.8163265306122449,0.8080808080808081,0.8121827411167513
174,235,391,9,496,7,71,0.9102564102564102,0.7171717171717171,0.8022598870056498
227,221,356,10,50,11,91,0.8921568627450981,0.9191919191919192,0.9054726368159205
56,56,250,6,484,60,94,0.6103896103896104,0.9494949494949495,0.7430830039525692
291,55,336,8,431,22,86,0.7962962962962963,0.8686868686868687,0.8309178743961353
228,221,356,10,50,7,90,0.9278350515463918,0.9090909090909091,0.9183673469387756
236,300,395,42,485,28,70,0.7142857142857143,0.7070707070707071,0.7106598984771574
175,57,357,7,374,19,87,0.8207547169811321,0.8787878787878788,0.8487804878048781
228,222,356,10,50,9,91,0.91,0.9191919191919192,0.9145728643216081
465,469,499,37,65,3,31,0.9117647058823529,0.31313131313131315,0.4661654135338346
227,222,356,10,50,10,90,0.9,0.9090909090909091,0.9045226130653266
226,221,357,10,50,10,91,0.900990099009901,0.9191919191919192,0.91
473,308,316,30,150,24,77,0.7623762376237624,0.7777777777777778,0.7699999999999999
226,222,357,10,50,10,90,0.9,0.9090909090909091,0.9045226130653266
218,216,354,10,92,12,93,0.8857142857142857,0.9393939393939394,0.9117647058823529
225,222,357,10,50,7,90,0.9278350515463918,0.9090909090909091,0.9183673469387756
289,72,234,33,493,86,92,0.5168539325842697,0.9292929292929293,0.6642599277978339
495,247,169,49,470,4,42,0.9130434782608695,0.42424242424242425,0.5793103448275863
204,53,364,9,93,38,97,0.7185185185185186,0.9797979797979798,0.8290598290598291
460,237,257,33,490,8,52,0.8666666666666667,0.5252525252525253,0.6540880503144655
123,59,316,23,67,113,99,0.4669811320754717,1.0,0.6366559485530546
123,397,437,17,66,19,87,0.8207547169811321,0.8787878787878788,0.8487804878048781
226,221,357,10,51,9,91,0.91,0.9191919191919192,0.9145728643216081
247,147,499,10,71,3,79,0.9634146341463414,0.797979797979798,0.8729281767955802
93,487,365,20,90,36,79,0.6869565217391305,0.797979797979798,0.7383177570093458
226,220,357,10,51,9,91,0.91,0.9191919191919192,0.9145728643216081
289,497,206,12,124,31,74,0.7047619047619048,0.7474747474747475,0.7254901960784313
226,220,357,10,52,10,90,0.9,0.9090909090909091,0.9045226130653266
225,220,357,10,55,13,90,0.8737864077669902,0.9090909090909091,0.891089108910891
217,215,355,10,97,12,90,0.8823529411764706,0.9090909090909091,0.8955223880597014
218,216,356,10,93,12,91,0.883495145631068,0.9191919191919192,0.9009900990099011
225,220,358,10,54,13,91,0.875,0.9191919191919192,0.896551724137931
225,220,359,10,59,9,90,0.9090909090909091,0.9090909090909091,0.9090909090909091
217,215,357,10,96,10,88,0.8979591836734694,0.8888888888888888,0.8934010152284263
225,220,359,10,56,9,90,0.9090909090909091,0.9090909090909091,0.9090909090909091
218,216,357,9,92,6,93,0.9393939393939394,0.9393939393939394,0.9393939393939394
217,215,357,9,97,8,89,0.9175257731958762,0.898989898989899,0.9081632653061225
225,220,359,10,61,8,92,0.92,0.9292929292929293,0.9246231155778895
218,215,357,9,93,8,88,0.9166666666666666,0.8888888888888888,0.9025641025641026
173,128,305,9,451,41,91,0.6893939393939394,0.9191919191919192,0.787878787878788
226,220,359,10,58,9,91,0.91,0.9191919191919192,0.9145728643216081
342,170,476,20,62,24,90,0.7894736842105263,0.9090909090909091,0.8450704225352113
226,219,359,10,57,5,91,0.9479166666666666,0.9191919191919192,0.9333333333333333
227,220,359,10,53,7,90,0.9278350515463918,0.9090909090909091,0.9183673469387756
227,220,358,10,52,10,90,0.9,0.9090909090909091,0.9045226130653266
226,220,359,10,55,11,93,0.8942307692307693,0.9393939393939394,0.9162561576354681
62,56,295,11,52,113,99,0.4669811320754717,1.0,0.6366559485530546
226,219,358,10,57,6,91,0.9381443298969072,0.9191919191919192,0.9285714285714285
227,219,358,10,54,7,91,0.9285714285714286,0.9191919191919192,0.9238578680203046
227,219,358,10,52,8,91,0.9191919191919192,0.9191919191919192,0.9191919191919192
228,219,358,10,51,10,90,0.9,0.9090909090909091,0.9045226130653266
52,297,284,50,479,94,94,0.5,0.9494949494949495,0.6550522648083624
492,275,195,11,466,4,41,0.9111111111111111,0.41414141414141414,0.5694444444444444
491,193,436,21,124,10,71,0.8765432098765432,0.7171717171717171,0.7888888888888889
228,219,358,10,54,9,89,0.9081632653061225,0.898989898989899,0.9035532994923858
227,219,358,10,57,6,91,0.9381443298969072,0.9191919191919192,0.9285714285714285
245,310,57,44,61,114,99,0.4647887323943662,1.0,0.6346153846153846
228,219,358,10,55,6,89,0.9368421052631579,0.898989898989899,0.9175257731958762
286,347,62,50,473,14,54,0.7941176470588235,0.5454545454545454,0.6467065868263473
64,499,257,41,432,34,65,0.6565656565656566,0.6565656565656566,0.6565656565656566
228,220,358,10,54,11,88,0.8888888888888888,0.8888888888888888,0.8888888888888888
226,219,359,10,60,9,93,0.9117647058823529,0.9393939393939394,0.9253731343283583
227,219,359,10,58,7,90,0.9278350515463918,0.9090909090909091,0.9183673469387756
162,374,178,2,72,21,76,0.7835051546391752,0.7676767676767676,0.7755102040816326
498,402,251,42,61,51,72,0.5853658536585366,0.7272727272727273,0.6486486486486487
487,118,476,13,53,3,57,0.95,0.5757575757575758,0.7169811320754716
227,219,359,10,59,8,91,0.9191919191919192,0.9191919191919192,0.9191919191919192
52,328,405,12,87,36,91,0.7165354330708661,0.9191919191919192,0.8053097345132744
227,220,359,10,58,9,91,0.91,0.9191919191919192,0.9145728643216081
58,214,249,27,484,110,98,0.47115384615384615,0.98989898989899,0.6384364820846906
51,398,495,16,67,29,81,0.7363636363636363,0.8181818181818182,0.7751196172248803
227,220,358,10,58,9,92,0.9108910891089109,0.9292929292929293,0.9199999999999999
227,220,358,10,57,8,92,0.92,0.9292929292929293,0.9246231155778895
228,220,358,10,55,9,93,0.9117647058823529,0.9393939393939394,0.9253731343283583
228,220,358,10,53,9,92,0.9108910891089109,0.9292929292929293,0.9199999999999999
228,220,358,10,52,8,90,0.9183673469387755,0.9090909090909091,0.9137055837563451
176,426,285,13,54,28,83,0.7477477477477478,0.8383838383838383,0.7904761904761904
58,343,277,4,467,8,63,0.8873239436619719,0.6363636363636364,0.7411764705882353
270,53,359,37,51,113,99,0.4669811320754717,1.0,0.6366559485530546
229,220,358,10,51,8,92,0.92,0.9292929292929293,0.9246231155778895
229,220,357,10,50,7,90,0.9278350515463918,0.9090909090909091,0.9183673469387756
486,465,272,29,58,8,56,0.875,0.5656565656565656,0.6871165644171778
254,259,54,20,67,114,99,0.4647887323943662,1.0,0.6346153846153846
229,220,358,10,50,7,90,0.9278350515463918,0.9090909090909091,0.9183673469387756
223,497,248,20,467,4,45,0.9183673469387755,0.45454545454545453,0.6081081081081081
497,220,50,5,477,4,44,0.9166666666666666,0.4444444444444444,0.5986394557823129
55,196,322,50,64,114,99,0.4647887323943662,1.0,0.6346153846153846
186,402,408,23,53,29,89,0.7542372881355932,0.898989898989899,0.8202764976958525
326,291,428,33,474,14,54,0.7941176470588235,0.5454545454545454,0.6467065868263473
229,220,357,9,50,7,88,0.9263157894736842,0.8888888888888888,0.9072164948453608
229,220,357,10,51,9,92,0.9108910891089109,0.9292929292929293,0.9199999999999999
57,55,54,5,97,114,99,0.4647887323943662,1.0,0.6346153846153846
230,220,356,9,50,8,89,0.9175257731958762,0.898989898989899,0.9081632653061225
229,220,356,10,50,7,90,0.9278350515463918,0.9090909090909091,0.9183673469387756
53,210,166,44,482,110,98,0.47115384615384615,0.98989898989899,0.6384364820846906
461,203,500,43,108,50,77,0.6062992125984252,0.7777777777777778,0.6814159292035398
484,146,195,11,55,59,84,0.5874125874125874,0.8484848484848485,0.6942148760330579
192,332,332,7,72,8,80,0.9090909090909091,0.8080808080808081,0.8556149732620321
230,219,355,9,53,6,88,0.9361702127659575,0.8888888888888888,0.9119170984455959
230,219,356,9,53,6,88,0.9361702127659575,0.8888888888888888,0.9119170984455959
230,219,356,10,54,9,91,0.91,0.9191919191919192,0.9145728643216081
290,59,216,4,496,13,76,0.8539325842696629,0.7676767676767676,0.8085106382978724
229,219,357,10,55,6,89,0.9368421052631579,0.898989898989899,0.9175257731958762
229,219,356,10,54,10,89,0.898989898989899,0.898989898989899,0.898989898989899
229,219,357,10,58,7,92,0.9292929292929293,0.9292929292929293,0.9292929292929293
495,54,495,48,50,84,76,0.475,0.7676767676767676,0.5868725868725868
480,51,222,34,69,114,88,0.43564356435643564,0.8888888888888888,0.584717607973422
59,478,62,31,465,36,63,0.6363636363636364,0.6363636363636364,0.6363636363636364
453,344,308,50,70,77,82,0.5157232704402516,0.8282828282828283,0.6356589147286823
229,219,357,10,56,8,88,0.9166666666666666,0.8888888888888888,0.9025641025641026
229,218,357,10,58,7,92,0.9292929292929293,0.9292929292929293,0.9292929292929293
353,96,311,7,216,16,90,0.8490566037735849,0.9090909090909091,0.8780487804878049
229,218,357,10,62,6,91,0.9381443298969072,0.9191919191919192,0.9285714285714285
230,218,357,10,61,8,91,0.9191919191919192,0.9191919191919192,0.9191919191919192
476,498,54,20,121,58,55,0.48672566371681414,0.5555555555555556,0.518867924528302
230,218,357,10,60,6,90,0.9375,0.9090909090909091,0.923076923076923
230,218,356,10,60,6,90,0.9375,0.9090909090909091,0.923076923076923
231,218,356,10,59,8,89,0.9175257731958762,0.898989898989899,0.9081632653061225
231,218,356,10,59,8,89,0.9175257731958762,0.898989898989899,0.9081632653061225
50,218,495,41,458,111,96,0.463768115942029,0.9696969696969697,0.6274509803921569
318,61,392,7,121,8,81,0.9101123595505618,0.8181818181818182,0.8617021276595745
341,85,432,42,499,62,84,0.5753424657534246,0.8484848484848485,0.6857142857142857
65,438,161,42,57,114,97,0.4597156398104265,0.9797979797979798,0.6258064516129033
193,66,317,4,494,7,65,0.9027777777777778,0.6565656565656566,0.760233918128655
230,218,357,10,58,8,90,0.9183673469387755,0.9090909090909091,0.9137055837563451
357,274,337,18,53,20,84,0.8076923076923077,0.8484848484848485,0.8275862068965517
230,219,357,10,58,8,90,0.9183673469387755,0.9090909090909091,0.9137055837563451
270,54,438,23,498,80,89,0.5266272189349113,0.898989898989899,0.664179104477612
318,57,311,50,464,91,91,0.5,0.9191919191919192,0.6476868327402135
296,378,144,7,52,72,88,0.55,0.8888888888888888,0.6795366795366796
230,218,355,9,63,10,92,0.9019607843137255,0.9292929292929293,0.9154228855721392
490,311,355,24,58,8,73,0.9012345679012346,0.7373737373737373,0.8111111111111111
230,218,356,9,62,8,88,0.9166666666666666,0.8888888888888888,0.9025641025641026
229,218,356,10,63,8,91,0.9191919191919192,0.9191919191919192,0.9191919191919192
500,195,372,27,473,4,47,0.9215686274509803,0.47474747474747475,0.6266666666666666
229,218,356,10,66,6,91,0.9381443298969072,0.9191919191919192,0.9285714285714285
230,218,355,10,65,6,92,0.9387755102040817,0.9292929292929293,0.934010152284264
231,218,354,9,64,10,91,0.900990099009901,0.9191919191919192,0.91
325,344,310,11,55,8,72,0.9,0.7272727272727273,0.8044692737430167
230,217,355,10,66,9,91,0.91,0.9191919191919192,0.9145728643216081
171,313,493,13,52,7,82,0.9213483146067416,0.8282828282828283,0.8723404255319148
500,479,50,43,500,2,10,0.8333333333333334,0.10101010101010101,0.1801801801801802
230,217,355,10,68,9,90,0.9090909090909091,0.9090909090909091,0.9090909090909091
124,391,493,21,444,23,71,0.7553191489361702,0.7171717171717171,0.7357512953367876
55,432,117,50,493,48,66,0.5789473684210527,0.6666666666666666,0.619718309859155
230,217,355,10,67,8,91,0.9191919191919192,0.9191919191919192,0.9191919191919192
271,486,141,30,51,112,85,0.43147208121827413,0.8585858585858586,0.5743243243243243
230,218,354,9,71,8,87,0.9157894736842105,0.8787878787878788,0.8969072164948454
228,218,356,10,70,8,91,0.9191919191919192,0.9191919191919192,0.9191919191919192
403,50,273,5,336,14,68,0.8292682926829268,0.6868686868686869,0.7513812154696132
228,217,356,10,70,9,91,0.91,0.9191919191919192,0.9145728643216081
456,335,54,50,72,113,93,0.45145631067961167,0.9393939393939394,0.6098360655737706
495,487,495,2,474,0,2,1.0,0.020202020202020204,0.03960396039603961
227,218,355,10,71,10,93,0.9029126213592233,0.9393939393939394,0.9207920792079209
71,401,56,9,494,51,74,0.592,0.7474747474747475,0.6607142857142857
285,357,478,50,72,82,85,0.5089820359281437,0.8585858585858586,0.6390977443609023
493,165,51,28,83,114,92,0.44660194174757284,0.9292929292929293,0.6032786885245901
499,370,219,35,64,61,75,0.5514705882352942,0.7575757575757576,0.6382978723404256
227,217,355,10,73,12,92,0.8846153846153846,0.9292929292929293,0.9064039408866995
226,218,355,10,72,10,92,0.9019607843137255,0.9292929292929293,0.9154228855721392
352,143,348,10,104,11,89,0.89,0.898989898989899,0.8944723618090452
228,217,354,10,75,9,92,0.9108910891089109,0.9292929292929293,0.9199999999999999
228,217,353,10,75,9,92,0.9108910891089109,0.9292929292929293,0.9199999999999999
229,217,353,9,76,8,90,0.9183673469387755,0.9090909090909091,0.9137055837563451
228,217,353,10,76,11,92,0.8932038834951457,0.9292929292929293,0.9108910891089108
132,493,414,27,63,33,75,0.6944444444444444,0.7575757575757576,0.7246376811594203
192,498,62,18,74,114,92,0.44660194174757284,0.9292929292929293,0.6032786885245901
210,124,423,8,245,8,79,0.9080459770114943,0.797979797979798,0.8494623655913979
228,217,354,10,73,11,93,0.8942307692307693,0.9393939393939394,0.9162561576354681
228,217,354,10,74,9,89,0.9081632653061225,0.898989898989899,0.9035532994923858
228,217,355,10,71,10,91,0.900990099009901,0.9191919191919192,0.91
227,217,356,10,71,12,93,0.8857142857142857,0.9393939393939394,0.9117647058823529
227,217,356,10,70,11,91,0.8921568627450981,0.9191919191919192,0.9054726368159205
226,217,357,10,70,11,91,0.8921568627450981,0.9191919191919192,0.9054726368159205
197,237,166,33,485,51,81,0.6136363636363636,0.8181818181818182,0.7012987012987013
348,376,347,23,51,14,81,0.8526315789473684,0.8181818181818182,0.8350515463917525
287,164,321,8,168,19,91,0.8272727272727273,0.9191919191919192,0.8708133971291866
224,218,360,10,62,10,93,0.9029126213592233,0.9393939393939394,0.9207920792079209
224,218,360,10,61,11,90,0.8910891089108911,0.9090909090909091,0.9
223,218,360,10,63,7,90,0.9278350515463918,0.9090909090909091,0.9183673469387756
341,327,436,21,61,9,72,0.8888888888888888,0.7272727272727273,0.7999999999999999
287,53,291,8,240,37,93,0.7153846153846154,0.9393939393939394,0.8122270742358078
224,218,360,10,57,8,90,0.9183673469387755,0.9090909090909091,0.9137055837563451
224,218,360,10,58,9,92,0.9108910891089109,0.9292929292929293,0.9199999999999999
370,103,357,9,96,13,84,0.865979381443299,0.8484848484848485,0.8571428571428571
184,51,191,4,461,25,84,0.7706422018348624,0.8484848484848485,0.8076923076923077
53,65,51,30,102,114,99,0.4647887323943662,1.0,0.6346153846153846
138,260,449,11,159,10,87,0.8969072164948454,0.8787878787878788,0.8877551020408163
225,218,360,10,58,9,92,0.9108910891089109,0.9292929292929293,0.9199999999999999
225,218,360,10,57,8,90,0.9183673469387755,0.9090909090909091,0.9137055837563451
190,298,270,12,494,22,73,0.7684210526315789,0.7373737373737373,0.7525773195876289
236,196,69,50,69,114,99,0.4647887323943662,1.0,0.6346153846153846
74,58,238,35,496,113,99,0.4669811320754717,1.0,0.6366559485530546
420,193,345,25,60,46,89,0.6592592592592592,0.898989898989899,0.7606837606837606
354,142,240,6,52,29,90,0.7563025210084033,0.9090909090909091,0.8256880733944952
225,218,359,10,54,9,91,0.91,0.9191919191919192,0.9145728643216081
335,221,150,40,485,28,69,0.711340206185567,0.696969696969697,0.7040816326530613
225,218,360,10,55,9,88,0.9072164948453608,0.8888888888888888,0.8979591836734694
224,218,359,10,57,8,90,0.9183673469387755,0.9090909090909091,0.9137055837563451
224,218,359,10,58,9,92,0.9108910891089109,0.9292929292929293,0.9199999999999999
301,226,488,11,54,3,68,0.9577464788732394,0.6868686868686869,0.7999999999999999
223,218,358,10,58,9,91,0.91,0.9191919191919192,0.9145728643216081
500,295,377,41,493,3,36,0.9230769230769231,0.36363636363636365,0.5217391304347827
223,218,358,10,60,9,92,0.9108910891089109,0.9292929292929293,0.9199999999999999
50,150,385,32,57,113,99,0.4669811320754717,1.0,0.6366559485530546
55,166,130,22,64,114,99,0.4647887323943662,1.0,0.6346153846153846
58,278,499,50,139,113,99,0.4669811320754717,1.0,0.6366559485530546
223,218,358,10,59,10,89,0.898989898989899,0.898989898989899,0.898989898989899
222,218,358,10,61,9,90,0.9090909090909091,0.9090909090909091,0.9090909090909091
222,218,358,10,62,9,90,0.9090909090909091,0.9090909090909091,0.9090909090909091
222,218,358,10,63,7,90,0.9278350515463918,0.9090909090909091,0.9183673469387756
337,219,54,35,136,114,97,0.4597156398104265,0.9797979797979798,0.6258064516129033
53,202,482,9,94,22,85,0.794392523364486,0.8585858585858586,0.8252427184466019
224,218,357,10,62,11,93,0.8942307692307693,0.9393939393939394,0.9162561576354681
310,113,487,10,306,5,81,0.9418604651162791,0.8181818181818182,0.8756756756756757
224,218,357,10,61,11,91,0.8921568627450981,0.9191919191919192,0.9054726368159205
223,219,357,10,63,7,90,0.9278350515463918,0.9090909090909091,0.9183673469387756
223,219,357,10,62,9,90,0.9090909090909091,0.9090909090909091,0.9090909090909091
96,290,356,8,224,14,94,0.8703703703703703,0.9494949494949495,0.9082125603864735
148,279,355,9,157,15,92,0.8598130841121495,0.9292929292929293,0.8932038834951457
215,219,357,10,83,12,91,0.883495145631068,0.9191919191919192,0.9009900990099011
215,219,357,10,81,11,90,0.8910891089108911,0.9090909090909091,0.9
217,219,358,10,79,6,91,0.9381443298969072,0.9191919191919192,0.9285714285714285
216,219,358,10,80,7,91,0.9285714285714286,0.9191919191919192,0.9238578680203046
215,219,358,10,81,11,90,0.8910891089108911,0.9090909090909091,0.9
83,255,421,9,261,19,87,0.8207547169811321,0.8787878787878788,0.8487804878048781
134,360,417,10,316,6,77,0.927710843373494,0.7777777777777778,0.8461538461538461
218,219,358,10,77,10,94,0.9038461538461539,0.9494949494949495,0.9261083743842364
217,219,357,10,79,7,91,0.9285714285714286,0.9191919191919192,0.9238578680203046
216,219,357,10,80,8,91,0.9191919191919192,0.9191919191919192,0.9191919191919192
136,303,305,6,202,14,87,0.8613861386138614,0.8787878787878788,0.8699999999999999
303,67,472,7,52,2,73,0.9733333333333334,0.7373737373737373,0.839080459770115
489,190,431,15,490,2,47,0.9591836734693877,0.47474747474747475,0.6351351351351352
396,264,498,26,60,13,70,0.8433734939759037,0.7070707070707071,0.7692307692307693
55,496,296,50,74,112,80,0.4166666666666667,0.8080808080808081,0.5498281786941581
211,147,57,28,469,89,95,0.5163043478260869,0.9595959595959596,0.6713780918727915
313,359,245,42,71,107,89,0.45408163265306123,0.898989898989899,0.6033898305084746
216,219,357,10,79,7,91,0.9285714285714286,0.9191919191919192,0.9238578680203046
56,50,236,43,97,114,99,0.4647887323943662,1.0,0.6346153846153846
295,450,266,5,363,6,49,0.8909090909090909,0.494949494949495,0.6363636363636364
155,238,498,9,54,4,73,0.948051948051948,0.7373737373737373,0.8295454545454545
314,121,141,6,496,31,85,0.7327586206896551,0.8585858585858586,0.7906976744186046
216,219,358,10,79,6,91,0.9381443298969072,0.9191919191919192,0.9285714285714285
215,219,358,10,80,12,90,0.8823529411764706,0.9090909090909091,0.8955223880597014
217,219,358,10,77,10,90,0.9,0.9090909090909091,0.9045226130653266
218,218,358,10,76,11,93,0.8942307692307693,0.9393939393939394,0.9162561576354681
294,69,92,50,491,88,92,0.5111111111111111,0.9292929292929293,0.6594982078853047
57,309,57,17,66,114,99,0.4647887323943662,1.0,0.6346153846153846
217,218,358,10,76,9,93,0.9117647058823529,0.9393939393939394,0.9253731343283583
217,219,358,10,78,8,91,0.9191919191919192,0.9191919191919192,0.9191919191919192
291,205,444,19,252,32,89,0.7355371900826446,0.898989898989899,0.8090909090909091
270,224,298,21,52,74,97,0.5672514619883041,0.9797979797979798,0.7185185185185186
216,219,358,10,78,8,91,0.9191919191919192,0.9191919191919192,0.9191919191919192
65,169,408,7,466,13,81,0.8617021276595744,0.8181818181818182,0.839378238341969
92,217,361,6,54,6,81,0.9310344827586207,0.8181818181818182,0.8709677419354839
213,219,358,10,81,16,92,0.8518518518518519,0.9292929292929293,0.8888888888888888
215,219,358,10,78,13,89,0.8725490196078431,0.898989898989899,0.8855721393034826
223,218,360,10,62,8,90,0.9183673469387755,0.9090909090909091,0.9137055837563451
222,218,360,10,62,8,90,0.9183673469387755,0.9090909090909091,0.9137055837563451
222,218,360,10,63,7,90,0.9278350515463918,0.9090909090909091,0.9183673469387756
83,248,322,7,237,21,88,0.8073394495412844,0.8888888888888888,0.8461538461538461
223,218,360,10,60,8,92,0.92,0.9292929292929293,0.9246231155778895
223,217,360,10,59,10,90,0.9,0.9090909090909091,0.9045226130653266
223,218,360,10,61,7,90,0.9278350515463918,0.9090909090909091,0.9183673469387756
60,66,390,6,117,11,79,0.8777777777777778,0.797979797979798,0.835978835978836
71,368,196,35,477,68,82,0.5466666666666666,0.8282828282828283,0.6586345381526104
75,80,424,5,485,5,67,0.9305555555555556,0.6767676767676768,0.7836257309941521
239,52,151,25,486,108,97,0.47317073170731705,0.9797979797979798,0.6381578947368421
363,51,167,3,58,38,85,0.6910569105691057,0.8585858585858586,0.7657657657657658
51,52,60,18,480,113,99,0.4669811320754717,1.0,0.6366559485530546
59,51,272,3,257,5,66,0.9295774647887324,0.6666666666666666,0.7764705882352941
50,470,166,22,145,111,86,0.4365482233502538,0.8686868686868687,0.581081081081081
235,485,401,21,58,9,74,0.891566265060241,0.7474747474747475,0.8131868131868132
98,121,350,6,246,10,84,0.8936170212765957,0.8484848484848485,0.8704663212435233
98,121,350,6,246,10,84,0.8936170212765957,0.8484848484848485,0.8704663212435233
98,121,350,6,246,10,84,0.8936170212765957,0.8484848484848485,0.8704663212435233
